AT,C,Mn,Cu,Si,Ni,Cr,Mo,V,Al,W,N,Co,t,T
1070,0.12,0.34,0,0.24,1.77,11.3,0.43,0.27,0,1.6,0,0,44925.33746,638.00302
1070,0.12,0.34,0,0.24,1.77,11.3,0.43,0.27,0,1.6,0,0,40320.39209,640.46178
1070,0.12,0.34,0,0.24,1.77,11.3,0.43,0.27,0,1.6,0,0,36065.3739,643.48794
1070,0.12,0.34,0,0.24,1.77,11.3,0.43,0.27,0,1.6,0,0,32809.12611,647.6489
1070,0.12,0.34,0,0.24,1.77,11.3,0.43,0.27,0,1.6,0,0,29846.87637,653.13382
1070,0.12,0.34,0,0.24,1.77,11.3,0.43,0.27,0,1.6,0,0,27802.06501,658.80786
1070,0.12,0.34,0,0.24,1.77,11.3,0.43,0.27,0,1.6,0,0,26427.8273,665.42758
1070,0.12,0.34,0,0.24,1.77,11.3,0.43,0.27,0,1.6,0,0,25463.41751,670.9125
