AT,C,Mn,Cu,Si,Ni,Cr,Mo,V,Al,W,N,Co,t,T
1070,0.12,0.34,0,0.24,1.77,11.3,0.43,0.27,0,1.6,0,0,25463.41751,675.83
1070,0.12,0.34,0,0.24,1.77,11.3,0.43,0.27,0,1.6,0,0,26697.13017,682.07146
1070,0.12,0.34,0,0.24,1.77,11.3,0.43,0.27,0,1.6,0,0,28660.67479,687.93464
1070,0.12,0.34,0,0.24,1.77,11.3,0.43,0.27,0,1.6,0,0,31398.90343,692.28474
1070,0.12,0.34,0,0.24,1.77,11.3,0.43,0.27,0,1.6,0,0,34398.74127,695.50003
1070,0.12,0.34,0,0.24,1.77,11.3,0.43,0.27,0,1.6,0,0,37812.75555,699.28273
1070,0.12,0.34,0,0.24,1.77,11.3,0.43,0.27,0,1.6,0,0,42131.30666,701.74149
1070,0.12,0.34,0,0.24,1.77,11.3,0.43,0.27,0,1.6,0,0,46943.07449,704.20024
