AT,C,Mn,Cu,Si,Ni,Cr,Mo,V,Al,W,N,Co,t,T
1070,0.12,0.34,0,0.24,1.77,11.3,0.43,0.27,0,1.6,0,0,8069.61488,627.78974
1070,0.12,0.34,0,0.24,1.77,11.3,0.43,0.27,0,1.6,0,0,7329.31197,631.95071
1070,0.12,0.34,0,0.24,1.77,11.3,0.43,0.27,0,1.6,0,0,6800.80284,636.67908
1070,0.12,0.34,0,0.24,1.77,11.3,0.43,0.27,0,1.6,0,0,6332.93346,641.97486
1070,0.12,0.34,0,0.24,1.77,11.3,0.43,0.27,0,1.6,0,0,5876.27216,647.6489
1070,0.12,0.34,0,0.24,1.77,11.3,0.43,0.27,0,1.6,0,0,5530.82517,654.26863
1070,0.12,0.34,0,0.24,1.77,11.3,0.43,0.27,0,1.6,0,0,5356.24044,660.88835
1070,0.12,0.34,0,0.24,1.77,11.3,0.43,0.27,0,1.6,0,0,5242.92308,668.83201
