AT,C,Mn,Cu,Si,Ni,Cr,Mo,V,Al,W,N,Co,t,T
1070,0.12,0.34,0,0.24,1.77,11.3,0.43,0.27,0,1.6,0,0,5205.6859,672.80385
1070,0.12,0.34,0,0.24,1.77,11.3,0.43,0.27,0,1.6,0,0,5299.27887,679.6127
1070,0.12,0.34,0,0.24,1.77,11.3,0.43,0.27,0,1.6,0,0,5472.00697,686.04329
1070,0.12,0.34,0,0.24,1.77,11.3,0.43,0.27,0,1.6,0,0,5670.53809,691.90647
1070,0.12,0.34,0,0.24,1.77,11.3,0.43,0.27,0,1.6,0,0,5981.9216,697.20225
1070,0.12,0.34,0,0.24,1.77,11.3,0.43,0.27,0,1.6,0,0,6401.0057,701.93062
1070,0.12,0.34,0,0.24,1.77,11.3,0.43,0.27,0,1.6,0,0,6898.44549,707.98294
1070,0.12,0.34,0,0.24,1.77,11.3,0.43,0.27,0,1.6,0,0,7461.0856,712.71131
