{
    "heat_capacity": {
        "type": "interp",
        "X": [
            300,
            1073.15,
            1123.15,
            1173.15,
            1223.15,
            1273.15,
            1323.15,
            1373.15,
            1423.15,
            1473.15,
            1523.15,
            1573.15,
            1623.15,
            1673.15,
            1723.15,
            1773.15
        ],
        "Y": [
            1200,
            1200,
            1200,
            1300,
            1300,
            1300,
            1300,
            1400,
            1500,
            1500,
            1200,
            1200,
            1200,
            1200,
            1200,
            1200
        ]
    },
    "thermal_conductivity": {
        "P": [
            0.00075,
            0.1951375
        ]
    }
}