{
    "heat_capacity": {
        "P": [
            5.5e-9,
            -0.00000906667,
            0.004895,
            -0.504333,
            345
        ]
    },
    "thermal_conductivity": {
        "P": [
            -0.0333,
            63.0909
        ]
    }
}