SH,  Vol-Change [%],  Error [%]
50,  9.66579300,      0.92254930
70,  13.6474771,      0.44206535
80,  20.0260375,      1.43038318